[
  {
    "id": 1,
    "question": "What is the capital of Bulgariafhdgdhgfhdgfhdgfhdgfhdsgfhjdgfhdgjhfgdhfgfgggfhjds?",
    "answer": "Sofia"
  },
  {
    "id": 2,
    "question": "What is the capital of Romania?",
    "answer": "Bucharest"
  },
  {
    "id": 3,
    "question": "What is the capital of Australia?",
    "answer": "Sydney"
  },
  {
    "id": 4,
    "question": "What is the capital of Germany?",
    "answer": "Berlin"
  },
  {
    "id": 5,
    "question": "What is the capital of Netherlands?",
    "answer": "Amsterdam"
  },
  {
    "id": 6,
    "question": "What is the capital of Canada?",
    "answer": "Ottawa"
  },
  {
    "id": 7,
    "question": "What is the capital of Hungary?",
    "answer": "Budapest"
  },
  {
    "id": 8,
    "question": "What is the capital of Norway?",
    "answer": "Oslo"
  },
  {
    "id": 9,
    "question": "What is the capital of Italy?",
    "answer": "Rome"
  },
  {
    "id": 10,
    "question": "What is the capital of Cyprus?",
    "answer": "Nicosia"
  },
  {
    "id": 11,
    "question": "What is the capital of Latvia?",
    "answer": "Riga"
  },
  {
    "id": 12,
    "question": "What is the capital of Turkey?",
    "answer": "Ankara"
  },
  {
    "id": 13,
    "question": "What is the capital of Poland?",
    "answer": "Warsaw"
  },
  {
    "id": 14,
    "question": "What is the capital of Greece?",
    "answer": "Athens"
  },
  {
    "id": 15,
    "question": "What is the capital of Russia?",
    "answer": "Moscow"
  },
  {
    "id": 16,
    "question": "What is the capital of Spain?",
    "answer": "Madrid"
  },
  {
    "id": 17,
    "question": "What is the capital of Egypt?",
    "answer": "Cairo"
  },
  {
    "id": 18,
    "question": "What is the capital of Scotland?",
    "answer": "Edinburgh"
  },
  {
    "id": 19,
    "question": "What is the capital of Wales?",
    "answer": "Cardiff"
  },
  {
    "id": 20,
    "question": "What is the capital of England?",
    "answer": "London"
  },
  {
    "id": 21,
    "question": "What is the capital of Ireland?",
    "answer": "Dublin"
  },
  {
    "id": 22,
    "question": "What is the capital of Portugal?",
    "answer": "Lisbon"
  },
  {
    "id": 23,
    "question": "What is the capital of Jordan?",
    "answer": "Amman"
  },
  {
    "id": 24,
    "question": "What is the capital of Angola?",
    "answer": "Luanda"
  },
  {
    "id": 25,
    "question": "What is the capital of Peru?",
    "answer": "Lima"
  },
  {
    "id": 26,
    "question": "What is the capital of Japan?",
    "answer": "Tokyo"
  }
]